{
  "schemaVersion": 2,
  "type": "square-textured",
  "textures": {
    "top": "fabricskyboxes:sky/topnightsky.jpg",
    "bottom": "fabricskyboxes:sky/bottomnightsky.jpg",
    "north": "fabricskyboxes:sky/northnightsky.jpg",
    "south": "fabricskyboxes:sky/southnightsky.jpg",
    "east": "fabricskyboxes:sky/eastnightsky.jpg",
    "west": "fabricskyboxes:sky/westnightsky.jpg"
  },
  "properties": {
    "fade": {
      "startFadeIn": 11615,
      "endFadeIn": 13805,
      "startFadeOut": 22550,
      "endFadeOut": 450
    },
    "shouldRotate": false,
    "rotation": {
      "axis": [
        0.0,
        0.0,
        180.0
      ]
    }
  },
  "conditions": {
    "worlds": [
      "minecraft:overworld"
    ]
  },
    "blend": {
	"type": "screen"
  }
}