{
  "schemaVersion": 2,
  "type": "square-textured",
  "textures": {
    "top": "fabricskyboxes:sky/top.jpg",
    "bottom": "fabricskyboxes:sky/bottom.jpg",
    "north": "fabricskyboxes:sky/north.jpg",
    "south": "fabricskyboxes:sky/south.jpg",
    "east": "fabricskyboxes:sky/east.jpg",
    "west": "fabricskyboxes:sky/west.jpg"
  },
  "properties": {
    "fade": {
      "startFadeIn": 22550,
      "endFadeIn": 450,
      "startFadeOut": 11615,
      "endFadeOut": 13805
    },
    "shouldRotate": false,
    "rotation": {
      "axis": [
        0.0,
        -36.0,
        0.0
      ]
    }
  },
  "conditions": {
    "worlds": [
      "minecraft:overworld"
    ]
  },
    "blend": {
	"type": "screen"
  }
  
}